record_date,open_today_bal,deposits_today,withdrawals_today,close_today_bal
2024-10-03,823412.0,288497.0,315962.0,795948.0
2024-10-04,795948.0,15877.0,11574.0,800250.0
2024-10-07,800250.0,26297.0,16030.0,810517.0
2024-10-08,810517.0,263894.0,254219.0,820191.0
2024-10-09,820191.0,17130.0,49926.0,787395.0
2024-10-10,787395.0,249358.0,253409.0,783345.0
2024-10-11,783345.0,18107.0,21753.0,779699.0
2024-10-15,779699.0,422370.0,376416.0,825653.0
2024-10-16,825653.0,32914.0,43816.0,814751.0
2024-10-17,814751.0,261109.0,247014.0,828847.0
2024-10-18,828847.0,15352.0,16401.0,827798.0
2024-10-21,827798.0,28631.0,14833.0,841596.0
2024-10-22,841596.0,261347.0,264253.0,838690.0
2024-10-23,838690.0,25831.0,47111.0,817410.0
2024-10-24,817410.0,250704.0,233979.0,834134.0
2024-10-25,834134.0,14753.0,21409.0,827478.0
2024-10-28,827478.0,31479.0,23063.0,835894.0
2024-10-29,835894.0,263002.0,251833.0,847063.0
2024-10-30,847063.0,20069.0,19995.0,847137.0
2024-10-31,847137.0,571150.0,497245.0,921042.0
2024-11-01,921042.0,33529.0,135341.0,819229.0
2024-11-04,819229.0,34144.0,16771.0,836603.0
2024-11-05,836603.0,262880.0,260683.0,838800.0
2024-11-06,838800.0,19212.0,17784.0,840227.0
2024-11-07,840227.0,251513.0,251777.0,839963.0
2024-11-08,839963.0,14618.0,23303.0,831278.0
2024-11-12,831278.0,283031.0,262937.0,851371.0
2024-11-13,851371.0,12881.0,55395.0,808857.0
2024-11-14,808857.0,265294.0,258458.0,815693.0
2024-11-15,815693.0,173369.0,258151.0,730911.0
2024-11-18,730911.0,39549.0,16327.0,754133.0
2024-11-19,754133.0,266973.0,258389.0,762717.0
2024-11-20,762717.0,18925.0,43808.0,737834.0
2024-11-21,737834.0,301989.0,260126.0,779696.0
2024-11-22,779696.0,13743.0,34776.0,758663.0
2024-11-25,758663.0,37018.0,18566.0,777116.0
2024-11-26,777116.0,301729.0,267602.0,811242.0
2024-11-27,811242.0,21167.0,49705.0,782704.0
2024-11-29,782704.0,357270.0,383096.0,756878.0
2024-12-02,756878.0,256354.0,170451.0,842781.0
2024-12-03,842781.0,264694.0,291993.0,815482.0
2024-12-04,815482.0,19026.0,19497.0,815011.0
2024-12-05,815011.0,236415.0,252772.0,798654.0
2024-12-06,798654.0,14784.0,24683.0,788754.0
2024-12-09,788754.0,31082.0,18946.0,800890.0
2024-12-10,800890.0,243222.0,295803.0,748309.0
2024-12-11,748309.0,20665.0,57620.0,711354.0
2024-12-12,711354.0,241716.0,249394.0,703676.0
2024-12-13,703676.0,40872.0,19224.0,725325.0
2024-12-16,725325.0,220522.0,84630.0,861216.0
2024-12-17,861216.0,238311.0,268847.0,830681.0
2024-12-18,830681.0,21687.0,48393.0,803975.0
2024-12-19,803975.0,230718.0,246710.0,787982.0
2024-12-20,787982.0,19956.0,40448.0,767489.0
2024-12-23,767489.0,47154.0,21779.0,792864.0
2024-12-24,792864.0,236416.0,294240.0,735039.0
2024-12-26,735039.0,287164.0,333505.0,688699.0
2024-12-27,688699.0,51473.0,19772.0,720401.0
2024-12-30,720401.0,44060.0,19033.0,745427.0
2024-12-31,745427.0,456284.0,479819.0,721892.0
2025-01-02,721892.0,287029.0,331876.0,677045.0
2025-01-03,677045.0,19063.0,45831.0,650277.0
2025-01-06,650277.0,38384.0,20104.0,668557.0
2025-01-07,668557.0,243690.0,260759.0,651488.0
2025-01-08,651488.0,17590.0,48546.0,620531.0
2025-01-09,620531.0,258241.0,255044.0,623729.0
2025-01-10,623729.0,17007.0,9152.0,631584.0
2025-01-13,631584.0,38633.0,22862.0,647354.0
2025-01-14,647354.0,279196.0,255000.0,671551.0
2025-01-15,671551.0,209529.0,229892.0,651187.0
2025-01-16,651187.0,282912.0,256911.0,677188.0
2025-01-17,677188.0,17481.0,21313.0,673357.0
2025-01-21,673357.0,287577.0,256060.0,704874.0
2025-01-22,704874.0,17145.0,56534.0,665485.0
2025-01-23,665485.0,397101.0,302543.0,760043.0
2025-01-24,760043.0,25320.0,16379.0,768984.0
2025-01-27,768984.0,42089.0,13614.0,797458.0
2025-01-28,797458.0,264123.0,248138.0,813442.0
2025-01-29,813442.0,24035.0,25928.0,811549.0
2025-01-30,811549.0,269398.0,254996.0,825951.0
2025-01-31,825951.0,286444.0,319370.0,793025.0
2025-02-03,793025.0,66063.0,59083.0,800006.0
2025-02-04,800006.0,269809.0,253648.0,816166.0
2025-02-05,816166.0,19279.0,17493.0,817953.0
2025-02-06,817953.0,261451.0,249081.0,830323.0
2025-02-07,830323.0,14412.0,18984.0,825751.0
2025-02-10,825751.0,30902.0,18848.0,837805.0
2025-02-11,837805.0,263150.0,258773.0,842182.0
2025-02-12,842182.0,17488.0,50515.0,809154.0
2025-02-13,809154.0,262323.0,262139.0,809338.0
2025-02-14,809338.0,19115.0,26369.0,802084.0
2025-02-18,802084.0,461482.0,489740.0,773826.0
2025-02-19,773826.0,13473.0,48360.0,738938.0
2025-02-20,738938.0,313241.0,324299.0,727881.0
2025-02-21,727881.0,15458.0,29697.0,713642.0
2025-02-24,713642.0,34415.0,40999.0,707057.0
2025-02-25,707057.0,246553.0,329899.0,623711.0
2025-02-26,623711.0,20477.0,75637.0,568550.0
2025-02-27,568550.0,239184.0,270441.0,537294.0
2025-02-28,537294.0,281285.0,258997.0,559582.0
2025-03-03,559582.0,69621.0,62494.0,566710.0
2025-03-04,566710.0,233477.0,267436.0,532751.0
2025-03-05,532751.0,22497.0,32430.0,522818.0
2025-03-06,522818.0,267248.0,260578.0,529488.0
2025-03-07,529488.0,17194.0,25221.0,521461.0
2025-03-10,521461.0,42688.0,21561.0,542588.0
2025-03-11,542588.0,227295.0,268986.0,500897.0
2025-03-12,500897.0,21614.0,71798.0,450713.0
2025-03-13,450713.0,227987.0,266277.0,412423.0
2025-03-14,412423.0,29819.0,28102.0,414141.0
2025-03-17,414141.0,199103.0,82492.0,530752.0
2025-03-18,530752.0,225488.0,306087.0,450153.0
2025-03-19,450153.0,20342.0,54695.0,415799.0
2025-03-20,415799.0,270474.0,303027.0,383246.0
2025-03-21,383246.0,15482.0,36783.0,361945.0
2025-03-24,361945.0,40714.0,16973.0,385686.0
2025-03-25,385686.0,224427.0,259615.0,350498.0
2025-03-26,350498.0,19302.0,53830.0,315970.0
2025-03-27,315970.0,227067.0,262388.0,280650.0
2025-03-28,280650.0,51337.0,30198.0,301789.0
2025-03-31,301789.0,262527.0,158530.0,405786.0
2025-04-01,405786.0,250278.0,356206.0,299858.0
2025-04-02,299858.0,27109.0,25342.0,301624.0
2025-04-03,301624.0,288860.0,294124.0,296360.0
2025-04-04,296360.0,19612.0,24580.0,291391.0
2025-04-07,291391.0,35099.0,16502.0,309989.0
2025-04-08,309989.0,288345.0,251699.0,346635.0
2025-04-09,346635.0,26367.0,57813.0,315189.0
2025-04-10,315189.0,260870.0,261591.0,314467.0
2025-04-11,314467.0,50474.0,34438.0,330503.0
2025-04-14,330503.0,105437.0,20270.0,415670.0
2025-04-15,415670.0,549487.0,364703.0,600455.0
2025-04-16,600455.0,89851.0,51524.0,638783.0
2025-04-17,638783.0,324754.0,363544.0,599993.0
2025-04-18,599993.0,31002.0,18614.0,612381.0
2025-04-21,612381.0,43567.0,29504.0,626444.0
2025-04-22,626444.0,275121.0,294880.0,606684.0
2025-04-23,606684.0,32571.0,63096.0,576159.0
2025-04-24,576159.0,245127.0,258527.0,562759.0
2025-04-25,562759.0,28870.0,19939.0,571691.0
2025-04-28,571691.0,46359.0,20052.0,597998.0
2025-04-29,597998.0,254501.0,235793.0,616705.0
2025-04-30,616705.0,307733.0,246782.0,677657.0
2025-05-01,677657.0,278368.0,362936.0,593088.0
2025-05-02,593088.0,23149.0,41892.0,574345.0
2025-05-05,574345.0,33350.0,17345.0,590351.0
2025-05-06,590351.0,235920.0,242518.0,583753.0
2025-05-07,583753.0,29899.0,17792.0,595860.0
2025-05-08,595860.0,236995.0,256627.0,576228.0
2025-05-09,576228.0,16488.0,19970.0,572746.0
2025-05-12,572746.0,32494.0,21871.0,583369.0
2025-05-13,583369.0,258949.0,251666.0,590652.0
2025-05-14,590652.0,19408.0,47626.0,562433.0
2025-05-15,562433.0,471703.0,537487.0,496649.0
2025-05-16,496649.0,27806.0,19749.0,504706.0
2025-05-19,504706.0,33868.0,15366.0,523207.0
2025-05-20,523207.0,233230.0,244911.0,511526.0
2025-05-21,511526.0,20116.0,55756.0,475886.0
2025-05-22,475886.0,252947.0,255085.0,473748.0
2025-05-23,473748.0,17089.0,20194.0,470643.0
2025-05-27,470643.0,256172.0,249334.0,477481.0
2025-05-28,477481.0,11373.0,52228.0,436627.0
2025-05-29,436627.0,241794.0,278577.0,399844.0
2025-05-30,399844.0,64365.0,112766.0,351443.0
2025-06-02,351443.0,277562.0,189642.0,439362.0
2025-06-03,439362.0,215789.0,272214.0,382937.0
2025-06-04,382937.0,19758.0,26536.0,376160.0
2025-06-05,376160.0,217052.0,242369.0,350843.0
2025-06-06,350843.0,16373.0,22458.0,344758.0
2025-06-09,344758.0,33349.0,19312.0,358796.0
2025-06-10,358796.0,199439.0,248826.0,309409.0
2025-06-11,309409.0,27397.0,59781.0,277025.0
2025-06-12,277025.0,276648.0,292866.0,260807.0
2025-06-13,260807.0,49868.0,22597.0,288078.0
2025-06-16,288078.0,232607.0,74382.0,446302.0
2025-06-17,446302.0,206443.0,243607.0,409139.0
2025-06-18,409139.0,29617.0,54904.0,383851.0
2025-06-20,383851.0,228967.0,246298.0,366520.0
2025-06-23,366520.0,37417.0,29368.0,374568.0
2025-06-24,374568.0,226684.0,243181.0,358071.0
2025-06-25,358071.0,24778.0,48270.0,334579.0
2025-06-26,334579.0,219365.0,249102.0,304841.0
2025-06-27,304841.0,50481.0,16974.0,338348.0
2025-06-30,338348.0,282619.0,163987.0,456980.0
2025-07-01,456980.0,265507.0,354975.0,367512.0
2025-07-02,367512.0,22411.0,17691.0,372232.0
2025-07-03,372232.0,224927.0,283997.0,313162.0
2025-07-07,313162.0,38702.0,19382.0,332482.0
2025-07-08,332482.0,237922.0,227357.0,343047.0
2025-07-09,343047.0,16206.0,48205.0,311048.0
2025-07-10,311048.0,276849.0,299502.0,288395.0
2025-07-11,288395.0,15386.0,21419.0,282363.0
2025-07-14,282363.0,30686.0,14825.0,298224.0
2025-07-15,298224.0,372370.0,342658.0,327937.0
2025-07-16,327937.0,29838.0,45690.0,312085.0
2025-07-17,312085.0,242555.0,237615.0,317026.0
2025-07-18,317026.0,17721.0,19089.0,315658.0
2025-07-21,315658.0,31580.0,27879.0,319359.0
2025-07-22,319359.0,246598.0,220622.0,345335.0
2025-07-23,345335.0,35019.0,46817.0,333538.0
2025-07-24,333538.0,250884.0,235014.0,349408.0
2025-07-25,349408.0,13692.0,15002.0,348098.0
2025-07-28,348098.0,30762.0,16290.0,362570.0
2025-07-29,362570.0,260748.0,205483.0,417834.0
2025-07-30,417834.0,16570.0,14958.0,419446.0
2025-07-31,419446.0,528382.0,450232.0,497596.0
2025-08-01,497596.0,36569.0,156385.0,377780.0
2025-08-04,377780.0,33914.0,18884.0,392810.0
2025-08-05,392810.0,260275.0,193845.0,459240.0
2025-08-06,459240.0,20385.0,15311.0,464315.0
2025-08-07,464315.0,311574.0,284198.0,491691.0
2025-08-08,491691.0,14780.0,15408.0,491063.0
2025-08-11,491063.0,28732.0,15515.0,504280.0
2025-08-12,504280.0,262338.0,221120.0,545499.0
2025-08-13,545499.0,16541.0,46571.0,515469.0
2025-08-14,515469.0,266513.0,232903.0,549080.0
2025-08-15,549080.0,185615.0,241588.0,493107.0
2025-08-18,493107.0,43871.0,17488.0,519490.0
2025-08-19,519490.0,268756.0,225462.0,562784.0
2025-08-20,562784.0,21882.0,58603.0,526063.0
2025-08-21,526063.0,262909.0,227723.0,561249.0
2025-08-22,561249.0,35825.0,15565.0,581509.0
2025-08-25,581509.0,31129.0,17119.0,595519.0
2025-08-26,595519.0,264917.0,227542.0,632894.0
2025-08-27,632894.0,19241.0,56337.0,595798.0
2025-08-28,595798.0,259306.0,245444.0,609660.0
2025-08-29,609660.0,55825.0,110261.0,555224.0
2025-09-02,555224.0,532388.0,397518.0,690094.0
2025-09-03,690094.0,14416.0,42571.0,661939.0
2025-09-04,661939.0,312315.0,304982.0,669272.0
2025-09-05,669272.0,14977.0,18112.0,666137.0
2025-09-08,666137.0,32472.0,18241.0,680369.0
2025-09-09,680369.0,265998.0,256086.0,690281.0
2025-09-10,690281.0,26012.0,48707.0,667585.0
2025-09-11,667585.0,271069.0,255922.0,682732.0
2025-09-12,682732.0,46724.0,21686.0,707770.0
2025-09-15,707770.0,222035.0,72095.0,857709.0
2025-09-16,857709.0,291628.0,325596.0,823741.0
2025-09-17,823741.0,31628.0,48226.0,807142.0
2025-09-18,807142.0,266402.0,257093.0,816451.0
2025-09-19,816451.0,20390.0,18312.0,818530.0
2025-09-22,818530.0,37345.0,33404.0,822471.0
2025-09-23,822471.0,291915.0,332874.0,781512.0
2025-09-24,781512.0,26915.0,50457.0,757970.0
2025-09-25,757970.0,267100.0,263983.0,761087.0
2025-09-26,761087.0,49676.0,24426.0,786337.0
2025-09-29,786337.0,40055.0,20718.0,805674.0
2025-09-30,805674.0,511022.0,425871.0,890825.0
2025-10-01,890825.0,40728.0,112174.0,819378.0
2025-10-02,819378.0,322096.0,317629.0,823845.0
2025-10-03,823845.0,17235.0,42713.0,798367.0
2025-10-06,798367.0,30873.0,13978.0,815262.0
2025-10-07,815262.0,277507.0,269032.0,823736.0
2025-10-08,823736.0,20370.0,50052.0,794054.0
2025-10-09,794054.0,270379.0,268410.0,796023.0
2025-10-10,796023.0,19078.0,20649.0,794452.0
2025-10-14,794452.0,319283.0,272369.0,841366.0
2025-10-15,841366.0,157796.0,147210.0,851952.0
2025-10-16,851952.0,311668.0,263938.0,899682.0
2025-10-17,899682.0,19919.0,14208.0,905393.0
2025-10-20,905393.0,30162.0,29801.0,905754.0
2025-10-21,905754.0,289281.0,265720.0,929315.0
2025-10-22,929315.0,24819.0,49060.0,905074.0
2025-10-23,905074.0,303217.0,263325.0,944965.0
2025-10-24,944965.0,15254.0,17725.0,942495.0
2025-10-27,942495.0,35349.0,13082.0,964762.0
2025-10-28,964762.0,288481.0,268385.0,984857.0
2025-10-29,984857.0,20651.0,21649.0,983859.0
2025-10-30,983859.0,334447.0,317673.0,1000632.0
2025-10-31,1000632.0,289542.0,363847.0,926328.0
2025-11-03,926328.0,55219.0,56590.0,924957.0
2025-11-04,924957.0,292339.0,277712.0,939584.0
2025-11-05,939584.0,21468.0,18353.0,942700.0
2025-11-06,942700.0,278887.0,268031.0,953555.0
2025-11-07,953555.0,14764.0,18515.0,949804.0
2025-11-10,949804.0,32679.0,17183.0,965301.0
2025-11-12,965301.0,293955.0,316111.0,943145.0
2025-11-13,943145.0,294086.0,275301.0,961929.0
2025-11-14,961929.0,20475.0,23292.0,959113.0
2025-11-17,959113.0,189063.0,223214.0,924961.0
2025-11-18,924961.0,288436.0,284975.0,928422.0
2025-11-19,928422.0,24257.0,51848.0,900832.0
2025-11-20,900832.0,285417.0,276674.0,909575.0
2025-11-21,909575.0,15964.0,33465.0,892074.0
2025-11-24,892074.0,34085.0,19612.0,906547.0
2025-11-25,906547.0,312361.0,287173.0,931736.0
2025-11-26,931736.0,25308.0,57366.0,899678.0
2025-11-28,899678.0,380045.0,323708.0,956014.0
2025-12-01,956014.0,265226.0,273162.0,948079.0
2025-12-02,948079.0,273699.0,285932.0,935847.0
2025-12-03,935847.0,19215.0,46539.0,908523.0
2025-12-04,908523.0,253068.0,282925.0,878666.0
2025-12-05,878666.0,15805.0,24238.0,870232.0
2025-12-08,870232.0,32651.0,22758.0,880125.0
2025-12-09,880125.0,255233.0,298052.0,837306.0
2025-12-10,837306.0,21458.0,52937.0,805827.0
2025-12-11,805827.0,265729.0,278890.0,792667.0
2025-12-12,792667.0,30376.0,30577.0,792465.0
2025-12-15,792465.0,192018.0,71488.0,912994.0
2025-12-16,912994.0,267834.0,293648.0,887180.0
2025-12-17,887180.0,22865.0,48629.0,861417.0
2025-12-18,861417.0,259892.0,278887.0,842422.0
2025-12-19,842422.0,22452.0,25076.0,839799.0
2025-12-22,839799.0,64508.0,32258.0,872048.0
2025-12-23,872048.0,248269.0,295878.0,824439.0
2025-12-24,824439.0,25616.0,48518.0,801537.0
2025-12-26,801537.0,346355.0,314109.0,833784.0
2025-12-29,833784.0,38156.0,12947.0,858993.0
2025-12-30,858993.0,255772.0,288359.0,826406.0
2025-12-31,826406.0,276369.0,229922.0,872853.0
2026-01-02,872853.0,299155.0,390804.0,781204.0
2026-01-05,781204.0,37177.0,17319.0,801062.0
2026-01-06,801062.0,247368.0,276495.0,771936.0
2026-01-07,771936.0,26905.0,15269.0,783571.0
2026-01-08,783571.0,263883.0,273746.0,773709.0
2026-01-09,773709.0,18965.0,17559.0,775114.0
2026-01-12,775114.0,40485.0,18278.0,797322.0
2026-01-13,797322.0,255308.0,271840.0,780790.0
2026-01-14,780790.0,45093.0,48822.0,777061.0
2026-01-15,777061.0,481122.0,417300.0,840883.0
2026-01-16,840883.0,46894.0,19550.0,868226.0
2026-01-20,868226.0,297770.0,266127.0,899869.0
2026-01-21,899869.0,19372.0,48072.0,871169.0
2026-01-22,871169.0,345408.0,328128.0,888450.0
2026-01-23,888450.0,27520.0,15428.0,900542.0
2026-01-26,900542.0,59203.0,16079.0,943665.0
2026-01-27,943665.0,281776.0,250593.0,974848.0
2026-01-28,974848.0,25787.0,47931.0,952705.0
2026-01-29,952705.0,282109.0,266748.0,968066.0
2026-01-30,968066.0,43755.0,118575.0,893245.0
2026-02-02,893245.0,310492.0,305754.0,897983.0
2026-02-03,897983.0,286821.0,276911.0,907892.0
2026-02-04,907892.0,18874.0,19029.0,907737.0
2026-02-05,907737.0,276335.0,269509.0,914563.0
2026-02-06,914563.0,14599.0,23881.0,905282.0
2026-02-09,905282.0,31679.0,19392.0,917568.0
2026-02-10,917568.0,285615.0,254549.0,948634.0
2026-02-11,948634.0,19944.0,58045.0,910533.0
2026-02-12,910533.0,279288.0,268822.0,920999.0
2026-02-13,920999.0,20717.0,28072.0,913645.0
2026-02-17,913645.0,494091.0,483076.0,924659.0
2026-02-18,924659.0,15757.0,51562.0,888854.0
2026-02-19,888854.0,341021.0,325017.0,904858.0
2026-02-20,904858.0,19415.0,30902.0,893370.0
2026-02-23,893370.0,38306.0,43512.0,888165.0
2026-02-24,888165.0,302651.0,289643.0,901173.0
2026-02-25,901173.0,21179.0,83378.0,838975.0
2026-02-26,838975.0,280814.0,270340.0,849449.0
2026-02-27,849449.0,61230.0,111736.0,798943.0
2026-03-02,798943.0,297319.0,224885.0,871377.0
2026-03-03,871377.0,293801.0,305439.0,859738.0
2026-03-04,859738.0,23806.0,36565.0,846979.0
2026-03-05,846979.0,273574.0,279703.0,840850.0
2026-03-06,840850.0,17677.0,25440.0,833086.0
2026-03-09,833086.0,44750.0,19289.0,858548.0
2026-03-10,858548.0,287104.0,282811.0,862841.0
2026-03-11,862841.0,23634.0,80669.0,805806.0
2026-03-12,805806.0,286038.0,282560.0,809284.0
2026-03-13,809284.0,28680.0,31629.0,806335.0
2026-03-16,806335.0,195826.0,64585.0,937577.0
2026-03-17,937577.0,279075.0,286984.0,929668.0
2026-03-18,929668.0,20951.0,74786.0,875833.0
2026-03-19,875833.0,335309.0,328320.0,882822.0
2026-03-20,882822.0,18005.0,29963.0,870864.0
2026-03-23,870864.0,56488.0,17843.0,909509.0
2026-03-24,909509.0,259082.0,292385.0,876206.0
2026-03-25,876206.0,19640.0,58434.0,837412.0
2026-03-26,837412.0,269001.0,283382.0,823031.0
2026-03-27,823031.0,47888.0,22264.0,848655.0
2026-03-30,848655.0,41713.0,21890.0,868478.0
2026-03-31,868478.0,496155.0,471633.0,893000.0
2026-04-01,893000.0,44981.0,134428.0,803553.0
2026-04-02,803553.0,273357.0,300834.0,776076.0
2026-04-03,776076.0,21405.0,43543.0,753938.0
2026-04-06,753938.0,37543.0,16048.0,775433.0
2026-04-07,775433.0,246048.0,293253.0,728227.0
2026-04-08,728227.0,27848.0,58996.0,697079.0
2026-04-09,697079.0,274618.0,284727.0,686969.0
2026-04-10,686969.0,43439.0,27191.0,703218.0
2026-04-13,703218.0,75880.0,20188.0,758910.0
2026-04-14,758910.0,308054.0,287458.0,779506.0
2026-04-15,779506.0,313370.0,168441.0,924435.0
2026-04-16,924435.0,381713.0,334993.0,971155.0
2026-04-17,971155.0,62607.0,35126.0,998636.0
2026-04-20,998636.0,57658.0,18259.0,1038035.0
2026-04-21,1038035.0,269503.0,278028.0,1029510.0
2026-04-22,1029510.0,51277.0,73615.0,1007172.0
2026-04-23,1007172.0,272244.0,309572.0,969844.0
2026-04-24,969844.0,25794.0,21388.0,974251.0
2026-04-27,974251.0,45966.0,17835.0,1002382.0
2026-04-28,1002382.0,263294.0,275255.0,990422.0
2026-04-29,990422.0,25891.0,28211.0,988102.0
2026-04-30,988102.0,563836.0,582555.0,969383.0
2026-05-01,969383.0,43050.0,155122.0,857311.0
2026-05-04,857311.0,39449.0,16792.0,879968.0
2026-05-05,879968.0,247798.0,267479.0,860287.0
2026-05-06,860287.0,22697.0,20227.0,862757.0
2026-05-07,862757.0,265366.0,281561.0,846562.0
2026-05-08,846562.0,18392.0,25793.0,839161.0
2026-05-11,839161.0,35483.0,20054.0,854589.0
2026-05-12,854589.0,260464.0,271017.0,844036.0
2026-05-13,844036.0,16744.0,53360.0,807420.0
2026-05-14,807420.0,324909.0,329917.0,802412.0
2026-05-15,802412.0,182579.0,226172.0,758819.0
2026-05-18,758819.0,44865.0,17759.0,785925.0
2026-05-19,785925.0,293814.0,257464.0,822275.0
2026-05-20,822275.0,21204.0,61499.0,781979.0
2026-05-21,781979.0,275602.0,271699.0,785882.0
2026-05-22,785882.0,57786.0,18118.0,825550.0
2026-05-26,825550.0,314691.0,258912.0,881329.0
2026-05-27,881329.0,13328.0,51997.0,842660.0
2026-05-28,842660.0,279622.0,272572.0,849710.0
2026-05-29,849710.0,68288.0,14117.0,903881.0
2026-06-01,903881.0,280267.0,327307.0,856842.0
2026-06-02,856842.0,263280.0,254047.0,866075.0
2026-06-03,866075.0,24707.0,45061.0,845722.0
2026-06-04,845722.0,266134.0,267334.0,844521.0
2026-06-05,844521.0,15580.0,34561.0,825540.0
2026-06-08,825540.0,38313.0,19623.0,844229.0
2026-06-09,844229.0,247518.0,261349.0,830399.0
2026-06-10,830399.0,27211.0,56525.0,801084.0
2026-06-11,801084.0,321512.0,323080.0,799517.0
2026-06-12,799517.0,46695.0,30188.0,816023.0
2026-06-15,816023.0,234538.0,70770.0,979791.0
2026-06-16,979791.0,271427.0,270105.0,981113.0
2026-06-17,981113.0,26126.0,50738.0,956502.0
2026-06-18,956502.0,267105.0,308523.0,915085.0
2026-06-22,915085.0,60855.0,33125.0,942815.0
2026-06-23,942815.0,262522.0,279461.0,925876.0
2026-06-24,925876.0,27014.0,51046.0,901845.0
2026-06-25,901845.0,258447.0,288823.0,871469.0
2026-06-26,871469.0,45318.0,21210.0,895576.0
2026-06-29,895576.0,33876.0,52491.0,876961.0
2026-06-30,876961.0,494841.0,452657.0,919145.0
2026-07-01,919145.0,43064.0,154850.0,807359.0
2026-07-02,807359.0,283480.0,320253.0,770587.0
2026-07-03,770587.0,14572.0,8315.0,776843.0
2026-07-06,776843.0,28574.0,22311.0,783107.0
2026-07-07,783107.0,262298.0,260441.0,784964.0
2026-07-08,784964.0,18298.0,54019.0,749244.0
2026-07-09,749244.0,335959.0,340566.0,744637.0
2026-07-10,744637.0,14755.0,21120.0,738273.0
2026-07-13,738273.0,31143.0,19134.0,750282.0
2026-07-14,750282.0,300990.0,263458.0,787814.0
2026-07-15,787814.0,164297.0,156135.0,795976.0
2026-07-16,795976.0,298520.0,271986.0,822510.0
2026-07-17,822510.0,14393.0,21484.0,815418.0
2026-07-20,815418.0,32881.0,20103.0,828197.0
2026-07-21,828197.0,310515.0,263732.0,874980.0
2026-07-22,874980.0,18798.0,58360.0,835417.0
2026-07-23,835417.0,308468.0,266684.0,877201.0
2026-07-24,877201.0,27042.0,17944.0,886300.0
2026-07-27,886300.0,33776.0,17325.0,902751.0
2026-07-28,902751.0,309447.0,246062.0,966136.0
2026-07-29,966136.0,22514.0,18208.0,970442.0
2026-07-30,970442.0,293729.0,266225.0,997946.0
2026-07-31,997946.0,281854.0,403235.0,876566.0
2026-08-03,876566.0,59203.0,65686.0,870083.0
2026-08-04,870083.0,312260.0,258123.0,924219.0
2026-08-05,924219.0,21365.0,16259.0,929325.0
2026-08-06,929325.0,350416.0,318015.0,961726.0
2026-08-07,961726.0,14542.0,22155.0,954113.0
2026-08-10,954113.0,30086.0,17348.0,966851.0
2026-08-11,966851.0,307531.0,277052.0,997330.0
2026-08-12,997330.0,17279.0,55204.0,959405.0
2026-08-13,959405.0,289110.0,281928.0,966587.0
2026-08-14,966587.0,19092.0,26495.0,959184.0
2026-08-17,959184.0,205240.0,231639.0,932785.0
2026-08-18,932785.0,315449.0,286282.0,961952.0
2026-08-19,961952.0,23396.0,48942.0,936406.0
2026-08-20,936406.0,295501.0,296830.0,935077.0
2026-08-21,935077.0,15764.0,17623.0,933218.0
2026-08-24,933218.0,50397.0,16765.0,966849.0
2026-08-25,966849.0,313926.0,286638.0,994137.0
2026-08-26,994137.0,18341.0,53043.0,959435.0
2026-08-27,959435.0,288576.0,297207.0,950804.0
2026-08-28,950804.0,44528.0,23989.0,971343.0
2026-08-31,971343.0,270397.0,218186.0,1023554.0
2026-09-01,1023554.0,319714.0,400475.0,942793.0
2026-09-02,942793.0,22980.0,21409.0,944364.0
2026-09-03,944364.0,336240.0,376676.0,903928.0
2026-09-04,903928.0,17562.0,32567.0,888923.0
2026-09-08,888923.0,300422.0,309326.0,880019.0
2026-09-09,880019.0,15943.0,52257.0,843705.0
2026-09-10,843705.0,291986.0,317581.0,818110.0
2026-09-11,818110.0,34042.0,29952.0,822200.0
2026-09-14,822200.0,75767.0,26743.0,871224.0
2026-09-15,871224.0,496853.0,376519.0,991557.0
2026-09-16,991557.0,50321.0,50170.0,991708.0
2026-09-17,991708.0,283312.0,302346.0,972675.0
2026-09-18,972675.0,32794.0,19537.0,985932.0
2026-09-21,985932.0,35366.0,16907.0,1004391.0
2026-09-22,1004391.0,283175.0,330157.0,957409.0
2026-09-23,957409.0,43980.0,54071.0,947317.0
2026-09-24,947317.0,278110.0,300800.0,924627.0
2026-09-25,924627.0,49518.0,28854.0,945290.0
2026-09-28,945290.0,34933.0,20651.0,959572.0
2026-09-29,959572.0,283527.0,306499.0,936600.0
2026-09-30,936600.0,261824.0,214379.0,984046.0
2026-10-01,984046.0,373651.0,463997.0,893699.0
